emitter/name;emitter/ror_id;emitter/wikidata_id
Academy of Fine Arts Vienna
Allegheny College
Arkansas State University
Bates College
Bath Spa University
Bethel University
Bielefeld University Library
Birkbeck College
Birmingham City University
Boston College
British Library
Brown University
BTAA, 15 universities including Indiana University, Michigan State University, Northwestern University, Ohio State University, Penn State University, Purdue University Libraries, Rutgers University - New Brunswick, The University of Iowa, University of Chicago, University of Illinois, University of Maryland Libraries – College Park, University of Michigan, University of Minnesota, University of Nebraska-Lincoln, University of Wisconsin-Madison
California Digital Library 
California Digital Library, 10 universities including University of California, Berkeley, University of California, Davis, University of California, Irvine, University of California, Los Angeles, University of California, Merced, University of California, Riverside, University of California, San Diego, University of California, San Francisco, University of California, Santa Barbara, University of California, Santa Cruz
California State University, East Bay
Cardiff University
Carleton College
Carnegie Mellon University
Catholic University of Eichstätt-Ingolstadt
Cengage Learning, Inc
Colby College
Columbia University
Concordia University
Concordia University (Canada)
Cornell University
CSIC
Dakota
Dalhousie University
Dartmouth College Libraries
Dartmouth Libraries
Davidson College
De Montfort University
DePauw University
Dickinson College
Dublin City University
Dublin City University Library
Duke University
Ecole Normale Superieure
École normale supérieure ENS-PSL
Edge Hill University
ELTE Research Centre for Linguistics
Emory University
Erasmus Universiteit Rotterdam
ETH Zurich
ETH Zürich
Faculdade de Arquitectura da Universidade do Porto
Finelib Consortium: 4 institutions including Abo Akademi University, University of Eastern Finland incl. Kuopio University Hospital, University of Helsinki incl. Helsinki University Central Hospital and University of Jyväskylä
Florida Southern College
Florida State University Libraries
Franklin & Marshall College
Freie Universitaet Berlin
FWF
FWF Austrian Science Fund
Gale’s annual contribution
Georg-August-Universität Göttingen
George Mason University
George Washington University
Gettysburg College
Ghent University
Giessen University
Giessen University Library
Giessen University Library.
Goldsmiths College
Graduate Institute of International and Development Studies
Grinnell College
Hamilton College
Harvard University
HEAL LINK Academic Libraries Consortium
HEAL LINK Academic Libraries Consortium (43 institutions), see list here: https://www.openlibhums.org/plugins/supporters/?filter-supporters=greece
Hochschule Luzern
Hollins University
Humboldt-Universität zu Berlin
Hungarian Research Centre for Linguistics
Imperial College of Science, Technology and Medicine
Iowa State University
James Madison University
Johannes Gutenberg University Mainz
Johns Hopkins University
Katholische Universität Eichstätt-Ingolstadt
Kenyon College Library
King's College London
Konstanz
KU Leuven
Leibniz-Centre General Linguistics (ZAS)
Leibniz-Zentrum für Literatur- und Kulturforschung
Leiden University
Leiden University 
Leipzig University
Linnaeus University
London School of Economics & Political Science
London South Bank University
Loughborough University
Ludwig-Maximilians-Universität München
Ludwig-Maximilians-Universität München, University Library
Macalester College
MacEwan University
Manchester Metropolitan University
Martin-Luther-University Halle-Wittenberg
Martin-Luther-University Halle-Wittenberg Universita ̈ts- und Landesbibliothek Sach sen-Anhalt
Martin-Luther-University Halle-Wittenberg, Universitäts- und Landesbibliothek Sachsen-Anhalt Halle
Masahiko Takahashi
Massachusetts Institute of Technology
Max Planck Digital Library
Max Planck Information and Technology
Maynooth University
McGill University
Memorial University of Newfoundland
Miami University
MIT
Montana State University
Montana State University Bozeman
Mount Royal University
National Library of Sweden
National Library of the Netherlands
National University fo Singapore
National University of Singapore
New York University
Norwegian Agency for Shared Services in Education and Research (Sikt)
Nottingham Trent University
NUI Galway
Oberlin College Library
OCUL (15 Canadian institutions) including Brock University, Carleton University, Laurentian University, McMaster University, Nipissing University, Queen's University, Toronto Metropolitan University, Trent University, University of Guelph, University of Ottawa, University of Toronto, University of Waterloo, Western University, Wilfrid Laurier University, York University
Ohio University Libraries
Oklahoma State University
Ontario Tech University
Oxford
paris nanterre
Portland State University
Princeton University Library
Queen Mary University of London
Queen's University of Belfast
Radboud Universiteit
Radboud University Nijmegen
Regensburg University
Riksbankens Jubileumsfond
Roehampton University
Ruhr-Universitaet Bochum
Saarland University and State Library 
Sächsische Landesbibliothek Staats- und Universitätsbibliothek Dresden
Sächsische Landesbibliothek Staats- und Universitätsbibliothek Dresden 
Sheffield Hallam University
SIKT consortium: 6 institutions (University of South-Eastern Norway,  Molde University College, Norwegian University of Science and Technology, University Of Oslo Library, UiT The Arctic University of Norway and University of Bergen
Simon Fraser University
Skidmore College
Stanford University
Statewide California Electronic Library Consortium (SCELC) Statewide California Electronic Library Consortium (SCELC), 13 universities including Baylor University, Claremont Colleges, Concordia University Texas, Digital Theological Library/Claremont School of Theology, Loyola Marymount University, Mount St. Mary's University, Occidental College, Santa Clara University, Texas Christian University, University of San Diego, University of San Francisco, University of the Pacific, Whittier College
Statewide California Electronic Library Consortium (SCELC), 13 universities including Baylor University, Claremont Colleges, Concordia University Texas, Digital Theological Library/Claremont School of Theology, Loyola Marymount University, Mount St. Mary's University, Occidental College, Santa Clara University, Texas Christian University, University of San Diego, University of San Francisco, University of the Pacific, Whittier College
Statewide California Electronic Library Consortium (SCELC), For the University of San Diego
Stockholm University
Stockholm University Library
Swarthmore College
Syracuse University
Technische Informationsbibliothek (TIB)
Temple University
The Hebrew University of Jerusalem
The Netherlands Organisation for Scientific Research (NWO)
The Open University
The University of Georgia
The University of Manchester
The University of Reading
The University of Sheffield
The University of Texas at Austin
The University of the South-Sewanee
Tilburg University
Trinity University
TU Berlin
TU Braunschweig
TU Braunschweig / Universitätsbibliothek
TU Darmstadt
Tufts University
Tufts University - Tisch Library
Universidade do Minho
Università della Svizzera italiana
Universitaets- und Landesbibliothek Duesseldorf
Universitaetsbibliothek Johann Christian
Universitaetsbibliothek Johann Christian Senckenberg
UNIVERSITÄT BASEL
Universität des Saarlandes
Universität Greifswald
Universität Klagenfurt
Universität Konstanz
Universität Oldenburg
Universität Potsdam
Universität Trier
Universität zu Köln
Universitäts- und Landesbibliothek Bonn
Universitäts- und Landesbibliothek Düsseldorf
Universitätsbibliothek Duisburg-Essen
Universitätsbibliothek Kassel
Universitätsbibliothek Leipzig
Universitätsbibliothek Tübingen
Université  Bordeaux Montaigne
Université catholique de Louvain
Université de Liège
Université de Lille
Université de Lorraine
Universite de Montreal
Université de Montréal
Université de Neuchâtel
Université de Strasbourg
Université Paris 8 - Vincennes - Saint-Denis
Université Paris Nanterre
Universiteit Utrecht
University Arts London
University College Cork
University College Dublin
University College London
University de Lorraine 
University Library of Muenster University
University Library of Muenster University 
University of Aberdeen
University of Alberta
University of Amsterdam
University of Amsterdam Library
University of Amsterdan
University of Antwerp
University of Antwerp 
University of Arizona Libraries
University of Arkansas at Fayetteville
University of Basel
University of Bath
University of Bern
University of Bern 
University of Birmingham
University of Bremen
University of Brighton
University of Bristol
University of British Columbia
University of Cambridge
University of Cologne
University of Cologne 
University of Delaware
University of Dundee
University of Durham
University of East Anglia
University of Edinburgh
University of Essex
University of Exeter
University of Florida-Smathers Library
University Of Florida-Smathers Library
University of Geneva
University of Georgia
University of Ghent 
University of Glasgow
University of Graz
University of Groningen
University of Kansas
University of Lancaster
University of Leeds
University of Leicester
University of Liege
University of Limerick
University of Lisbon
University of Liverpool
University of London - School of Advanced Study
University of Massachusetts Amherst
University of Melbourne
University of Minho
University of Minnesota
University of Newcastle upon Tyne
University of North
University of North Carolina at Chapel Hill
University of North Dakota
University of Northumbria at Newcastle
University of Oklahoma
University of Oregon
University of Paris
University of Pennsylvania
University of Pittsburgh
University of Regensburg
University of Rhode Island
University of Richmond
University of Rochester
University of Salford
University of Salzburg
University of San Diego
University of Saskatchewan
University of South Florida
University of South Florida Libraries
University of Southampton
University of St Andrews
University of St. Gallen Library
University of St.Gallen
University of Stirling
University of Strathclyde
University of Sussex
University of Sydney Library
University of Tennessee Knoxville
University of the Witwatersrand
University of Utah
University of Virginia
University of Warwick
University of Washington
University of Winnipeg
University of York
University of Zurich
University Rostock
University Zurich
Uppsala University
Uppsala University Library
VAC for Glossa
Vienna University
Vienna University Library and Archive Services
Virginia Commonwealth University
Virginia Tech
Vrije Universiteit Amsterdam
Washington and Lee University
Washington University in St. Louis
Wayne State University
Wayne State University Libraries
Wesleyan University
West Virginia University
Western University
Yale University
Zentral- und Hochschulbibliothek Luzern
Zürcher Hochschule der Künste
